ID_Categoria,Descripcion
A01005,ADMINISTRATIVO ESPECIALIZADO
A01061,MAESTRO DE JARDIN DE NIÑOS ESTATAL SUBSIDIADO
A01803,ADMINISTRATIVO ESPECIALIZADO
A01805,AUXILIAR DE ADMINISTRADOR
A01806,ANALISTA ADMINISTRATIVO
A01807,JEFE DE OFICINA
A01820,AYUDANTE ADMINISTRATIVO
A01E05,AUX. ADMINISTRADOR
A02021,DIRECTOR DE PRIMARIA ESTATAL SUBSIDIADO
A02061,MAESTRO DE GRUPO DE PRIMARIA ESTATAL SUBSIDIADO
A02802,AGENTE DE INFORMACION
A02804,PROMOTOR
A03023,DIRECTOR DE TELESECUNDARIA ESTATAL SUBSIDIADO
A03114,HORAS DE MAESTRO DE TELESECUNDARIA ESTATAL SUBSIDIADO
A03803,SECRETARIA DE APOYO
A03804,SECRETARIA !C!
A08006,SECRETARIA EJECUTIVA
A08025,SECRETARIA
A0IE05,AUXILIAR ADMINISTRATIVO AYUDANTE ADMINISTRATIVO
B03083,ADMINISTRATIVO ESPECIALIZADO ESTATAL SUBSIDIADO
B03084,ADMINISTRATIVO ESPECIALIZADO ESTATAL SUBSIDIADO
C01806,EDITOR
C01808,ASISTENTE EN TECNICAS DE LA COMUNICACION
C02802,OPERADOR DE EQUIPO DE COMUNICACIONES
C03091,OFICIAL DE SERVICIOS Y MANTENIMIENTO ESTATAL SUBSIDIADO
CF01005,DIRECTOR DE AREA
CF01012,SUBDIRECTOR DE AREA
CF01059,JEFE DE DEPARTAMENTO
CF03803,CHOFER DE DIRECTOR DE AREA
CF03809,CHOFER DE SPS
CF04805,SECRETARIA EJECUTIVA !D!
CF04806,SECRETARIA EJECUTIVA !C!
CF04807,SECRETARIA EJECUTIVA !B!
CF04808,SECRETARIA EJECUTIVA !A!
CF05003,BIBLIOTECARIO
CF06801,GUARDA
CF07805,MANEJADOR DE FONDOS Y VALORES
CF07810,AUXILIAR DE MANEJADOR DE VALORES
CF07817,RESPONSABLE DE FONDOS Y VALORES
CF08025,SECRETARIA
CF08822,SUPERVISOR
CF10804,CAPITAN DE BARCO
CF11806,INSPECTOR
CF12803,COORDINADOR DE TECNICOS EN COMPUTACIÓN
CF12804,ANALISTA PROGRAMADOR !B!
CF12812,PROGRAMADOR ESPECIALIZADO
CF12814,ESPECIALISTA EN TELEINFORMATICA
CF12825,ANALISTA DE SISTEMAS MACROCOMPUTACIONALES
CF14012,GUARDIAN
CF17805,COLUMNISTA
CF21802,ABOGADO
CF21803,AUDITOR
CF21807,ANALISTA PROFESIONAL
CF21817,AUDITOR ESPECIALIZADO
CF21856,PROFESIONAL DICTAMINADOR EN EL MANEJO DE FONDOS Y VALORES
CF21858,PROFESIONAL DICTAMINADOR ESPECIALIZADO EN EL MANEJO DE FONDO
CF21859,COORDINADOR DE PROFESIONALES DICTAMINADORES
CF21887,ASISTENTE EN ESTUDIOS PROFESIONALES
CF22811,INVESTIGADOR ESPECIALIZADO
CF33821,ESPECIALISTA TECNICO
CF33828,PRODUCTOR RADIOFONICO BILINGUE
CF33834,TECNICO ESPECIALIZADO
CF33865,JEFE DE UNIDAD RADIOFONICA BILINGUE
CF33890,COORDINADOR DE PROYECTOS Y SERVICIOS CULTURALES
CF33891,OFICIAL TECNICO
CF33892,TECNICO SUPERIOR
CF34018,COORDINADOR DEPARTAMENTAL
CF34117,JEFE DE UNIDAD SEAD
CF34806,SUPERVISOR ADMINISTRATIVO
CF34807,AUXILIAR DE ADMINISTRADOR
CF34810,ANALISTA ADMINISTRATIVO
CF34813,JEFE DE OFICINA
CF34844,ASISTENTE DE ALMACEN
CF52118,DIRECTOR GENERAL
CF52317,DIRECTOR DE AREA
CF53083,SECRETARIO PARTICULAR DE SPS-33
E0100,"INSPECTORA DE JARDINES DE NINOS, EN EL D.F."
E0101,"INSPECTORA DE JARDINES DE NINOS, FOR.EA."
E0102,INSPECTOR DE ENSEÑANZAS MUSICALES PARA JARDIN DE INOS EN EL
E0103,INSPECTORA DE JARDIN DE NIÑOS TITULADA EN LA LICENCIATURA DE
E0104,"INSPECTOR GENERAL DE SECTOR DE JARDIN DE NIÑOS,EN EL D.F."
E0105,"INSPECTOR GENERAL DE SECTOR DE JARDIN DE NIÑOS,FORANEO."
E0107,INSPECTORA GENERAL DE SECTOR DE JARDIN DE NIÑOS TITULADA EN
E0113,INSPECTORA PARA CENTROS DE DESARROLLO INFANTIL.
E0119,DIRECTORA DE JARDIN DE NIÑOS DE TIEMPO COMPLETO TITULADA EN
E0120,DIRECTORA DE JARDIN DE NIÑOS EN EL DISTRITO FEDERAL.
E0121,"DIRECTORA DE JARDIN DE NIÑOS, FOR.EA."
E0125,DIRECTORA PARA CENTROS DE DESARROLLO INFANTIL.
E0164,PROFESOR DE ENSEÑANZAS MUSICALES ELEMENTALES PARA JARDIN DE
E0165,PROFESOR DE ENSEÑANZAS MUSICALES ELEMENTALES PARA JARDIN DE
E0180,MAESTRA DE JARDIN DE NIÑOS EN EL DISTRITO FEDERAL.
E0181,"MAESTRA DE JARDIN DE NIÑOS, FOR.EA."
E0182,"HORAS DE ACOMPANANTE DE MUSICA PARA JARDIN DE NIÑOS, EN EL D"
E0183,"HORAS DE ACOMPANANTE DE MUSICA PARA JARDIN DE NIÑOS, FORANEO"
E0185,MAESTRA DE JARDIN DE NIÑOS DE TIEMPO COMPLETO MIXTO TITULADA
E0190,EDUCADORA PARA CENTRO DE DESARROLLO INFANTIL DE TIEMPO COMPL
E0191,"PROMOTOR DE COMUNIDAD RURAL,TECNICO EN EDUCACION PREESCOLAR,"
E0195,EDUCADORA PARA CENTROS DE DESARROLLO INFANTIL.
E0199,MTRA DE JARDIN DE NIÑOS DE 3/4 DE TIEMPO EN CURSO CON FORTAL
E0200,"INSPECTOR DE ZONA DE ENSEÑANZA PRIMARIA, EN EL D.F."
E0201,"INSPECTOR DE ZONA DE ENSEÑANZA PRIMARIA, FORANEO."
E0202,"INSPECTOR DE PRIMARIA NOCTURNA, EN EL DISTRITO FEDERAL."
E0203,INSPECTOR DE ZONA DE ENSEÑANZA PRIMARIA TITULADO EN LA LICE
E0204,"INSPECTOR GENERAL DE SECTOR PRIMARIA, EN EL D.F."
E0205,"JEFE DE SECTOR DE EDUCACION PRIMARIA, FOR.EO."
E0206,"INSPECTOR GENERAL DE SECTOR DE ENSEÑANZA PRIMARIA NOCTURNA,"
E0207,INSPECTOR GENERAL DE SECTOR DE PRIMARIA TITULADO EN LA LICEN
E0208,"INSPECTOR DE ESCUELA DE ENSEÑANZAS ESPECIALES ASISTENCIALES,"
E0209,JEFE DE SECTOR DE EDUCACION PRIMARIA TITULADO EN LA LICENCIA
E0210,"INSPECTOR DE ZONA DE ENSEÑANZA PRIMARIA, EN EL DISTRITO FEDE"
E0213,"INSPECTOR DE INTERNADOS DE ENSEÑANZA PRIMARIA, FORANEO."
E0214,"INSPECTOR DE ENSEÑANZAS ASISTENCIAL, EN EL DISTRITO FEDERAL."
E0216,"CONSEJERO DE EDUCACION PRIMARIA, EN EL DISTRITO FEDERAL."
E0218,CONSEJERO DE EDUCACION RURAL.
E0219,DIRECTOR DE PRIMARIA DE TIEMPO COMPLETO TITULADO EN LA LICEN
E0220,DIRECTOR DE PRIMARIA EN EL DISTRITO FEDERAL.
E0221,"DIRECTOR DE PRIMARIA, FOR.EO."
E0222,"DIRECTOR DE INTERNADO DE PRIMARIA, EN EL DISTRITO FEDERAL."
E0223,"DIRECTOR DE INTERNADO DE PRIMARIA, FOR.EO."
E0224,"DIRECTOR DE PRIMARIA, ASISTENCIAL, EN EL DISTRITO FEDERAL."
E0226,"DIRECTOR DE PRIMARIA NOCTURNA, EN EL DISTRITO FEDERAL."
E0240,"SUBDIRECTOR SECRETARIO DE INTERNADO DE PRIMARIA, EN EL DISTR"
E0241,"SUBDIRECTOR SECRETARIO DE INTERNADO DE PRIMARIA, FORANEO."
E0250,"JEFE DE ENSEÑANZAS, ASISTENCIAL, EN EL DISTRITO FEDERAL."
E0258,"JEFE DE ENSEÑANZA ASISTENCIAL, EN EL DISTRITO FEDERAL."
E0260,"MAESTRO DE ADIESTRAMIENTO DE PRIMARIA, EN EL DISTRITO FEDERA"
E0261,MAESTRO DE ADIESTRAMIENTO DE PRIMARIAS FOR.EO
E0264,"MAESTRO DE ENSEÑANZAS ARTISTICAS DE INTERNADO DE PRIMARIA, E"
E0265,"MAESTRO DE ENSEÑANZAS ARTISTICAS DE INTERNADO DE PRIMARIA, F"
E0280,"MAESTRO DE GRUPO DE PRIMARIA, EN EL DISTRITO FEDERAL."
E0281,"MAESTRO DE GRUPO DE PRIMARIA, FOR.EO."
E0284,"MAESTRO DE GRUPO DE PRIMARIA, EN EL DISTRITO FEDERAL, ASISTENTE"
E0285,MAESTRO DE GRUPO DE PRIMARIA DE TIEMPO COMPLETO MIXTO TITULAR
E0286,"MAESTRO DE GRUPO DE PRIMARIA NOCTURNA, EN EL DISTRITO FEDERAL"
E0288,MAESTRO DE ADIESTRAMIENTO E INICIACION VOCACIONAL DE PRIMARIA
E0289,MAESTRO 'A' DE PRIMARIA RURAL.
E0291,MAESTRO 'B' DE PRIMARIA RURAL.
E0292,MAESTRO DE GRUPO DE PRIMARIA ASISTENCIAL DE 3/4 DE TIEMPO EN
E0296,"MAESTRO DE GRUPO DE PRIMARIA, ASISTENCIAL, EN EL DISTRITO FE"
E0298,MAESTRO DE GRUPO DE PRIMARIA NOCTURNA CON FORTALECIMIENTO C
E0299,MAESTRO DE GRUPO DE PRIMARIA DE 3/4 DE TIEMPO EN CURSO CON F
E0300,"INSPECTOR GENERAL DE SEGUNDA ENSEÑANZA, EN EL D.F."
E0301,"INSPECTOR GENERAL DE SEGUNDA ENSEÑANZA, FOR.EO."
E0308,"INSPECTOR GENERAL DE ESCUELA SECUNDARIA, PARA TRABAJADORES E"
E0320,DIRECTOR DE SECUNDARIA DIURNA EN EL D.F.
E0321,DIRECTOR DE SECUNDARIA FORANEA.
E0325,"DIRECTOR DE INTERNADO DE SECUNDARIA, FORNEA."
E0326,"DIRECTOR DE SECUNDARIA PARA TRABAJADORES, EN EL D.F."
E0327,"DIRECTOR DE SECUNDARIA, PARA TRABAJADORES, FORANEO."
E0340,SUBDIRECTOR SECRETARIO DE SECUNDARIA DIURNA EN EL D.F.
E0341,SUBDIRECTOR SECRETARIO DE SECUNDARIA FOR.EA.
E0344,"SUBDIRECTOR SECRETARIO DE SECUNDARIA NOCTURNA, EN EL DISTRIT"
E0345,"SUBDIRECTOR SECRETARIO DE SECUNDARIA NOCTURNA, FORANEA."
E0350,JEFE DE ENSEÑANZA SECUNDARIA DIURNA.
E0351,"JEFE DE ENSEÑANZA SECUNDARIA, FORANEO."
E0358,"JEFE DE ENSEÑANZA DE SECUNDARIA, PARA TRABAJADORES."
E0360,PROFESOR DE ENSEÑANZAS DE ADIESTRAMIENTO DE SECUNDARIA
E0361,"PROFESOR DE ENSEÑANZAS DE ADIESTRAMIENTO DE SECUNDARIA, FORANEO"
E0362,PROFESOR DE ENSEÑANZA SECUNDARIA EN EL DISTRITO FEDERAL.
E0363,"PROFESOR DE ENSEÑANZA SECUNDARIA, FORANEA."
E0364,"PROFESOR DE ADIESTRAMIENTO, DE SECUNDARIA, EN EL DISTRITO FE"
E0365,"PROFESOR DE ADIESTRAMIENTO, DE SECUNDARIA, FORANEO."
E0366,HORAS DE ENSEÑANZA DE ADIESTRAMIENTO DE SECUNDARIAS GENERALES
E0370,"PROFESOR ORIENTADOR DE ENSEÑANZA SECUNDARIA, EN EL DISTRITO"
E0371,"PROFESOR ORIENTADOR DE ENSEÑANZA SECUNDARIA, FORANEA."
E0390,HORAS DE ENSEÑANZA DE ADIESTRAMIENTO DE SECUNDARIAS GENERALE
E0392,HORAS DE ENSEÑANZA SECUNDARIA PARA FORTALECIMIENTO CURRICULA
E0401,INSPECTOR GENERAL DE SECUNDARIAS TECNICAS.
E0409,"INSPECTOR GENERAL DE ESCUELA SECUNDARIA TECNICA,PARA TRABAJA"
E0420,DIRECTOR DE ESCUELA SECUNDARIA TECNICA EN EL DISTRITO FEDERA
E0421,"DIRECTOR DE ESCUELA SECUNDARIA TECNICA, FORANEO"
E0440,SUBDIRECTOR SECRETARIO DE ESCUELA SECUNDARIA TECNICA
E0441,"SUBDIRECTOR SECRETARIO DE ESCUELA SECUNDARIA TECNICA, FORANEA"
E0450,"JEFE DE ENSEÑANZA SECUNDARIA TECNICA,EN EL D.F."
E0451,"JEFE DE ENSEÑANZA SECUNDARIA TECNICA, FORANEO"
E0460,PROFESOR DE ADIESTRAMIENTO DE SECUNDARIA TECNICA EN EL DISTR
E0461,PROFESOR DE ADIESTRAMIENTO DE SECUNDARIA TECNICA FORANEA.
E0462,PROFESOR DE ENSEÑANZA SECUNDARIA TECNICA EN EL DISTRITO FEDE
E0463,"PROFESOR DE ENSEÑANZA SECUNDARIA TECNICA, FORANEO."
E0464,PROFESOR DE ADIESTRAMIENTO DE SECUNDARIA TECNICA.EN EL DIST
E0465,"PROFESOR DE ADIESTRAMIENTO DE SECUNDARIA TECNICA, FORANEO."
E0466,HORAS DE ENSEÑANZA DE ADIESTRAMIENTO DE SECUNDARIAS TECNICAS
E0490,HORAS DE ADIESTRAMIENTO DE SECUNDARIAS TECNICAS PARA FORTALECIMIENTO
E0492,HORAS DE ENSEÑANZA DE SECUNDARIA TECNICA PARA FORTALECIMIENTO
E0524,SUPERVISOR INGENIERO AGRONOMO.
E0541,SUBDIRECTOR SECRETARIO DE CENTRO DE ENSEÑANZA AGROPECUARIA F
E0550,"JEFE DE ENSEÑANZA PRACTICOAGRICOLA, MAESTRO NORMALISTA URBAN"
E0553,"JEFE DE ENSEÑANZA PRACTICOAGRICOLA,AGRONOMO TITULADO, FORANEO"
E0555,"JEFE DE ENSEÑANZA PRACTICOPECUARIA, MEDICO VETERINARIO TITUL"
E0563,PROFESOR DE ENSEÑANZA VOCACIONAL AGRICOLA FOR.EO
E0570,"PROFESOR ORIENTADOR DE ENSEÑANZA TECNICA, EN EL DISTRITO FED"
E0571,"PROFESOR ORIENTADOR DE ENSEÑANZA TECNICA, FORANEO"
E0581,MAESTRO DE PLANTA DE CENTROS DE ENSEÑANZA AGROPECUARIA FUNDA
E0620,PRESIDENTE DEL CONSEJO NACIONAL TECNICO DE LA EDUCACION
E0621,DIRECTOR PARA ESCUELA DE EDUCACION ESPECIAL DE TIEMPO COMPLE
E0622,DIRECTOR DE ESCUELA DE BIBLIOTECARIOS EN EL DISTRITO FEDERAL
E0627,"DIRECTOR DE ESCUELA NORMAL DE ESPECIALIZACION, FORANEO"
E0629,DIRECTOR DE ESCUELA DE EDUCACION ESPECIAL
E0630,DIRECTOR DE ESCUELA DE EXPERIMENTACION PEDAGOGICA EN EL DIST
E0631,DIRECTOR DE ESCUELA DE EXPERIMENTACION PEDAGOGICA FORANEO.
E0632,SUPERVISOR DE EDUCACION ESPECIAL EN EL DISTRITO FEDERAL.
E0633,SUPERVISOR DE EDUCACION ESPECIAL FOR.EO.
E0634,"SUPERVISOR DE EDUCACION ESPECIAL DE TIEMPO COMPLETO, TITULADO"
E0635,"SUPERVISOR DE EDUCACION ESPECIAL DE TIEMPO COMPLETO, TITULADO"
E0636,SUPERVISOR DE EDUCACION ESPECIAL FORANEO.
E0660,"PROFESOR DE ADIESTRAMIENTO DE ENSEÑANZA SUPERIOR, EN EL DIST"
E0661,"PROFESOR DE ADIESTRAMIENTO DE ENSEÑANZA SUPERIOR, FORANEO"
E0662,"PROFESOR DE BIBLIOTECONOMIA, EN EL DISTRITO FEDERAL."
E0663,"PROFESOR DE ENSEÑANZA PREPARATORIA, FORANEO."
E0670,"PROFESOR ORIENTADOR PROFESIONAL DE ENSEÑANZA SUPERIOR, EN EL"
E0671,"PROFESOR ORIENTADOR PROFESIONAL DE ENSEÑANZA SUPERIOR, FOR."
E0672,"PROFESOR DE MATERIAS PROFESIONALES DE NORMAL SUPERIOR, EN EL"
E0674,"PROFESOR PARA CURSOS DE POSTGRADUADOS, EN EL DISTRITO FEDERA"
E0680,"MAESTRO DE ESCUELA DE EXPERIMENTACION PEDAGOGICA, EN EL DIST"
E0681,"MAESTRO DE ESCUELA DE EXPERIMENTACION PEDAGOGICA, FOR.EO."
E0683,MAESTRO PARA EDUCACION ESPECIAL DE TIEMPO COMPLETO MIXTO TIT
E0684,PROFESOR INVESTIGADOR DE LA PEDAGOGIA EN EL DISTRITO FEDERAL
E0686,PROFESOR POSTGRADUADO INVESTIGADOR DE LA PEDAGOGIA EN EL DIS
E0687,MAESTRO DE EDUCACION ESPECIAL
E0689,MAESTRO PSICOLOGO ORIENTADOR PARA EDUCACION ESPECIAL
E0690,MAESTRO PSICOLOGO ORIENTADOR PARA EDUCACION ESPECIAL DE 3/4
E0692,MAESTRO DE EDUCACION ESPECIAL DE 3/4 DE TIEMPO EN CURSO CON
E0700,"INSPECTOR NORMALISTA DE EDUCACION FISICA, EN EL DISTRITO F"
E0701,"INSPECTOR NORMALISTA DE EDUCACION FISICA,FOR.EA"
E0723,DIRECTOR FEDERAL DE EDUCACION FISICA
E0740,SUBDIRECTOR SECRETARIO DE ESCUELA NORMAL DE EDUCACION FISICA
E0760,PROFESOR DE EDUCACION FISICA EN EL D.F.
E0761,PROFESOR DE EDUCACION FISICA FORANEO
E0762,"PROFESOR NORMALISTA DE EDUCACION FISICA, EN EL DISTRITO FEDE"
E0763,"PROFESOR NORMALISTA DE EDUCACION FISICA, FORANEO"
E0764,PROFESOR Y LIC. EN EDUCACION FISICA EN EL DISTRITO FEDERAL.
E0765,PROFESOR Y LIC. EN EDUCACION FISICA FOR.EO
E0772,"PROFESOR DE ENSEÑANZAS PROFESIONALES DE EDUCACION FISICA, EN"
E0773,"PROFESOR DE ENSEÑANZAS PROFESIONALES DE EDUCACION FISICA, FORANEO"
E0792,HORAS DE EDUCACION FISICA PARA FORTALECIMIENTO CURRICULAR
E0800,INSPECTOR DE ENSEÑANZA NORMAL DE PRIMARIA EN EL DISTRITO FED
E0820,"DIRECTOR DE ESCUELA DE EXPERIMENTACION PEDAGOGICA, DE NORMAL"
E0822,"DIRECTOR DE ESCUELA DE EXPERIMENTACION PEDAGOGICA,DE NORMAL"
E0825,"DIRECTOR DE ESCUELA NORMAL DE PRIMARIA, FORANEA."
E0827,"DIRECTOR DE ESCUELA NORMAL DE PRIMARIA URBANA, FORANEA."
E0828,SUPERVISOR DE ENSEÑANZA NORMAL EN EL DISTRITO FEDERAL.
E0843,"SUBDIRECTOR SECRETARIO DE NORMAL DE PRIMARIA URBANA, FOR.EA"
E0860,"PROFESOR DE ADIESTRAMIENTO DE NORMAL DE PRIMARIA, EN EL DIST"
E0861,"PROFESOR DE ADIESTRAMIENTO DE NORMAL DE PRIMARIA, FORANEO"
E0862,PROFESOR DE MATERIAS DE SECUNDARIA EN ESCUELA NORMAL DE PRIM
E0863,PROFESOR DE MATERIAS DE SECUNDARIA EN ESCUELA NORMAL DE PRIM
E0870,"PROFESOR ORIENTADOR PROFESIONAL DE ENSEÑANZA NORMAL, EN EL D"
E0872,PROFESOR DE MATERIAS PROFESIONALES EN NORMAL DE ENSEÑANZA PR
E0873,PROFESOR DE MATERIAS PROFESIONALES DE ENSEÑANZA NORMAL DE PR
E0880,PROFESOR DE ESCUELA DE EXPERIMENTACION PEDAGOGICA DE ENSENAN
E0882,PROFESOR DE ESCUELA DE EXPERIMENTACION PEDAGOGICA DE NORMAL
E0885,PROFESOR A DE MATERIAS AGROPECUARIAS EN ESCUELA NORMAL DE PR
E0887,PROFESOR B DE MATERIAS AGROPECUARIAS EN ESCUELA NORMAL DE PR
E0889,PROFESOR C DE MATERIAS AGROPECUARIAS EN ESCUELA NORMAL DE PR
E0891,PROFESOR D DE MATERIAS AGROPECUARIAS EN ESCUELA NORMAL DE PR
E0892,PROFESOR DE ESCUELA DE EXPERIMENTACION PEDAGOGICA DE ENSENAN
E0893,PROFESOR E DE MATERIAS AGROPECUARIAS EN ESCUELA NORMAL DE PR
E0894,PROFESOR DE ESCUELA DE EXPERIMENTACION PEDAGOGICA DE NORMAL
E0924,DIRECTOR DE ESCUELA TECNOLOGICA EN EL DISTRITO FEDERAL.
E0925,"DIRECTOR DE ESCUELA TECNOLOGICA, FORANEO"
E0927,"DIRECTOR DE ESCUELA VOCACIONAL, FORANEO"
E0928,"DIRECTOR DE ESCUELA TECNICA SUPERIOR, EN EL DISTRITO FEDERAL"
E0929,"DIRECTOR DE ESCUELA TECNICA SUPERIOR, FORANEO."
E0930,SUPERVISOR A DE ENSEÑANZA TECNICA SUPERIOR EN EL DISTRITO FE
E0931,"SUPERVISOR 'A' DE ENSEÑANZA TECNICA SUPERIOR, FORANEO."
E0932,SUPERVISOR 'B' DE ENSEÑANZA TECNICA SUPERIOR EN EL DISTRITO
E0933,"SUPERVISOR 'B' DE ENSEÑANZA TECNICA SUPERIOR, FORANEO."
E0940,SUBDIRECTOR SECRETARIO DE ESCUELA TECNOLOGICA EN EL DISTRITO
E0941,"SUBDIRECTOR SECRETARIO DE ESCUELA TECNOLOGICA, FORANEO."
E0942,SUBDIRECTOR SECRETARIO DE ESCUELA VOCACIONAL EN EL DISTRITO
E0943,"SUBDIRECTOR SECRETARIO DE ESCUELA VOCACIO NAL, FORANEO"
E0945,"SUBDIRECTOR SECRETARIO DE ESCUELA TECNICA SUPERIOR, FORANEO."
E0960,"PROFESOR DE ADIESTRAMIENTO DE ENSEÑANZA TECNOLOGICA, VOCACIO"
E0961,PROFESOR DE ADIESTRAMIENTO DE ENSEÑANZA TECNOLOGICA VOCACION
E0962,"PROFESOR DE ENSEÑANZA TECNOLOGICA, EN EL DISTRITO FEDERAL"
E0963,"PROFESOR DE ENSEÑANZA TECNOLOGICA, FOR.EO."
E0965,PROFESOR INSTRUCTOR DE CAPACITACION PARA Y EN EL TRABAJO
E0968,"PROFESOR DE ENSEÑANZA VOCACIONAL, EN EL DISTRITO FEDERAL"
E0969,"PROFESOR DE ENSEÑANZA VOCACIONAL, FOR.EO"
E0970,"PROFESOR ORIENTADOR PROFESIONAL DE ENSEÑANZA TECNOLOGICA, VO"
E0971,"PROFESOR ORIENTADOR PROFESIONAL DE ENSEÑANZA TECNOLOGICA, VO"
E0972,"PROFESOR DE ENSEÑANZA TECNICA SUPERIOR, EN EL DISTRITO FEDER"
E0973,"PROFESOR DE ENSEÑANZA TECNICA SUPERIOR, FORANEO"
E0974,"PROFESOR PARA CURSOS DE POSTGRADUADOS, EN EL DISTRITO FEDERA"
E0975,"PROFESOR PARA CURSOS DE POSTGRADUADOS, FORANEO."
E0984,"PROFESOR DE CLASES EXPERIMENTALES DE ENSEÑANZA TECNOLOGICA,"
E0985,"PROFESOR DE CLASES EXPERIMENTALES DE ENSEÑANZA TECNOLOGICA,"
E0992,HORAS DE INSTRUCTOR DE CAPACITACION PARA Y EN EL TRABAJO PA
E1000,INSPECTOR DE ENSEÑANZAS MUSICALES EN EL DISTRITO FEDERAL
E1002,INSPECTOR DE ENSEÑANZAS ARTISTICAS EN EL DISTRITO FEDERAL
E1020,DIRECTOR DE ESCUELA DE DANZA EN EL DISTRITO FEDERAL.
E1022,DIRECTOR DE ENSEÑANZAS ARTISTICAS EN EL DISTRITO FEDERAL
E1024,DIRECTOR DE ESCUELA DE ENSEÑANZAS ARTISTICAS EN EL DISTRITO
E1025,"DIRECTOR DE ESCUELA DE ENSEÑANZAS ARTISTICAS, FORANEO."
E1026,"DIRECTOR DE ESCUELA NOCTURNA DE ENSEÑANZAS ARTISTICAS, EN EL"
E1028,DIRECTOR DE ESCUELA NOCTURNA DE MUSICA EN EL DISTRITO FEDERA
E1030,DIRECTOR DE SECUNDARIA DIURNA DE MUSICA EN EL DISTRITO FEDER
E1032,DIRECTOR DE ESCUELA DE ENSEÑANZAS ARTISTICAS EN EL DISTRITO
E1034,DIRECTOR DEL CONSERVATORIO NACIONAL DE MUSICA EN EL DISTRITO
E1040,SUBDIRECTOR SECRETARIO DE SECUNDARIA DIURNA DE MUSICA EN EL
E1042,SUBDIRECTOR SECRETARIO DE ESCUELA DE ENSEÑANZAS ARTISTICAS E
E1044,SUBDIRECTOR SECRETARIO DE ESCUELA PROFESIONAL DE MUSICA EN E
E1046,SUBDIRECTOR SECRETARIO DE ESCUELA NOCTURNA DE ENSEÑANZAS ART
E1048,SUBDIRECTOR SECRETARIO DE ESCUELA NOCTURNA DE MUSICA EN EL D
E1050,JEFE DE ENSEÑANZA DE MUSICA EN EL DISTRITO FEDERAL.
E1062,"PROFESOR DE ENSEÑANZAS ARTISTICAS PARA POSTPRIMARIAS, EN EL"
E1063,"PROFESOR DE ENSEÑANZAS ARTISTICAS PARA POSTPRIMARIAS, FOR.E"
E1064,"PROFESOR DE ENSEÑANZAS ARTISTICAS ELEMENTALES, EN EL DISTRIT"
E1065,"PROFESOR DE ENSEÑANZAS ARTISTICAS ELEMENTALES, FOR.EO."
E1066,"PROFESOR DE ENSEÑANZAS ARTISTICAS PARA POSTPRIMARIAS, EN EL"
E1067,"PROFESOR DE ENSEÑANZAS ARTISTICAS PARA POSTPRIMARIAS, FORANEO"
E1068,PROFESOR DE ENSEÑANZAS ARTISTICAS VOCACIONALES O PRPOFESIONA
E1069,PROFESOR DE ENSEÑANZAS ARTISTICAS VOCACIONALES O PROFESIONAL
E1072,PROFESOR DE ENSEÑANZAS ARTISTICAS VOCACIONALES O PROFESIONAL
E1073,PROFESOR DE ENSEÑANZAS ARTISTICAS VOCACIONALES O PROFESIONAL
E1090,HORAS DE ENSEÑANZAS ARTISTICAS Y MUSICALES ELEMENTALES PARA
E1092,HORAS DE ENSEÑANZAS ARTISTICAS Y MUSICALES DE POSTPRIMARIAS
E1120,"DIRECTOR DE ESCUELA POR CORRESPONDENCIA, O NORMAL ORAL EN EL"
E1150,JEFE DE ENSEÑANZA EN EL DISTRITO FEDERAL
E1151,"JEFE DE ENSEÑANZA, FOR.EO"
E1160,"PROFESOR DE ADIESTRAMIENTO, EN EL DISTRITO FEDERAL."
E1161,"PROFESOR DE ADIESTRAMIENTO, FORANEO"
E1162,PROFESOR DE MATERIAS PROFESIONALES DE NORMAL DE PRIMARIA URB
E1163,PROFESOR DE MATERIAS PROFESIONALES DE NORMAL DE PRIMARIA URB
E1202,"JEFE DE ZONA DE INSPECCION EN LA REPUBLICA, CON RADICACION E"
E1221,DIRECTOR GENERAL DE EDUCACION FEDERAL
E1303,"INSPECTOR DE MISIONES CULTURALES, MAESTRO NORMALISTA URBANO"
E1305,"JEFE DE MISION CULTURAL, MAESTRO NORMALISTA URBANO TITULADO"
E1331,MAESTRO 'A' DE MISION CULTURAL
E1333,MAESTRO 'B' DE MISION CULTURAL
E1335,MAESTRO 'C' DE MISION CULTURAL
E1390,MAESTRO DE MISIONES CULTURALES DE TIEMPO COMPLETO CON FORTALECIMIENTO
E1400,"INSPECTOR DE MUSICA, EN EL DISTRITO FEDERAL."
E1401,"INSPECTOR DE MUSICA, FOR.EO"
E1403,"INSPECTOR GENERAL DE ASUNTOS INDIGENAS, FORANEO"
E1405,JEFE DE BRIGADA DE MEJORAMIENTO INDIGENA MAESTRO NORMALISTA
E1411,JEFE DE ZONA DE SUPERVISION DE EDUCACION INDIGENA.
E1421,"DIRECTOR DE CENTRO DE INTEGRACION SOCIAL INDIGENA, MAESTRO N"
E1425,DIRECTOR DE PREESCOLAR INDIGENA
E1435,"PROFESOR A DE ENSEÑANZAS AGROPECUARIAS, FORANEO."
E1437,"PROFESOR B DE ENSEÑANZAS AGROPECUARIAS, FORANEO."
E1438,"PROFESOR C DE ENSEÑANZAS AGROPECUARIAS, EN EL DISTRITO FEDER"
E1441,"PROFESOR A DE ADIESTRAMIENTO TECNICO, PARA INDIGENAS, FORANEO"
E1443,"PROFESOR B DE ADIESTRAMIENTO TECNICO, PARA INDIGENAS, FORANEO"
E1445,SUBDIRECTOR SECRETARIO DE CENTRO DE INTEGRACION SOCIAL INDIG
E1447,"JEFE DE ZONA DE SUPERVISION DE EDUCACION INDIGENA, DE TIEMPO"
E1451,PROFESOR ORIENTADOR DE ENFERMERIA FORANEO
E1461,"ORIENTADOR DE COMUNIDAD DE PROMOCION INDIGENA, MAESTRO NORMA"
E1471,MAESTRO A DE MUSICA DE EDUCACION INDIGENA FORANEO
E1473,MAESTRO B DE MUSICA DE EDUCACION INDIGENA FORANEO
E1474,"MAESTRO DE ENSEÑANZAS ARTISTICAS DE EDUCACION INDIGENA, EN E"
E1477,PROMOTOR BILINGUE CON SECUNDARIA TERMINADA
E1480,PROMOTOR BILINGUE CON BACHILLERATO TERMINADO
E1481,INSPECTOR BILINGUE DE EDUCACION PRIMARIA INDIGENA
E1482,INSPECTOR BILINGUE DE EDUCACION PRIMARIA INDIGENA DE TIEMPO
E1483,DIRECTOR BILINGUE DE EDUCACION PRIMARIA INDIGENA
E1484,DIRECTOR BILINGUE DE EDUCACION PRIMARIA DE TIEMPO COMPLETO T
E1485,MAESTRO BILINGUE DE EDUCACION PRIMARIA INDIGENA
E1486,MAESTRO BILINGUE DE EDUCACION PRIMARIA INDIGENA DE TIEMPO CO
E1487,PROMOTOR BILINGUE DE EDUCACION PRIMARIA INDIGENA
E1488,MAESTRO BILINGUE DE EDUCACION PREESCOLAR INDIGENA DE TIEMPO
E1489,MAESTRO BILINGUE DE EDUCACION PREESCOLAR INDIGENA
E1490,MAESTRO DE GRUPO DE PRIMARIA DE CENTRO DE INTEGRACION SOCIAL
E1491,PROMOTOR BILINGUE DE EDUCACION PREESCOLAR INDIGENA
E1492,MAESTRA BILINGUE DE EDUCACION PREESCOLAR DE 3/4 DE TIEMPO EN
E1493,MAESTRO 'A' DE BRIGADA DE MEJORAMIENTO INDIGENA
E1494,MAESTRO BILINGUE DE EDUCACION PRIMARIA DE 3/4 DE TIEMPO EN C
E1495,MAESTRO 'B' DE BRIGADA DE MEJORAMIENTO INDIGENA
E1497,MAESTRO 'C' DE BRIGADA DE MEJORAMIENTO INDIGENA
E1498,MAESTRO DE BRIGADA DE MEJORAMIENTO INDIGENA DE TIEMPO C0MPLE
E1499,"MAESTRO DE CENTRO DE INTEGRACION SOCIAL INDIGENA, NORMALISTA"
E1500,INSPECTOR DE EDUCACION BASICA PARA ADULTOS EN EL DISTRITO FE
E1501,INSPECTOR DE EDUCACION BASICA PARA ADULTOS FOR.EO
E1503,"SUPERVISOR DE ALFABETIZACION, FOR.EO"
E1524,DIRECTOR DE EDUCACION BASICA PARA ADULTOS NOCTURNA EN EL DIS
E1525,"DIRECTOR DE EDUCACION BASICA PARA ADULTOS NOCTURNA, FOR.EO."
E1534,"PROFESOR C DE ENSEÑANZA TECNICA SUPERIOR, EN EL DISTRITO FED"
E1541,"JEFE DE MISION CULTURAL MOTORIZADA, FOR.EO."
E1551,"INSPECTOR FEDERAL DE EDUCACION DE ADULTOS, FOR.EO"
E1563,"MAESTRO DE ADIESTRAMIENTO DE ENSEÑANZA OCUPACIONAL, FOR.EO."
E1586,PROFESOR DE EDUCACION BASICA PARA ADULTOS NOCTURNA EN EL DI
E1587,"PROFESOR DE EDUCACION BASICA PARA ADULTOS NOCTURNA, FOR.EO."
E1588,PROFESOR DE CENTRO DE ENSEÑANZA OCUPACIONAL NOCTURNA EN EL D
E1589,PROFESOR DE CENTRO DE ENSEÑANZA OCUPACIONAL NOCTURNA FOR.EO
E1598,PROFESOR DE EDUCACION BASICA PARA ADULTOS NOCTURNA CON FORTA
E1600,"JEFE A DE TALLER, EN EL DISTRITO FEDERAL"
E1601,"JEFE A DE TALLER, FORANEO"
E1602,"JEFE B DE TALLER, EN EL DISTRITO FEDERAL"
E1609,"JEFE E DE TALLER, FORANEO"
E1611,"JEFE F DE TALLER, FORANEO"
E1612,"JEFE G DE TALLER, EN EL DISTRITO FEDERAL"
E1613,"JEFE G DE TALLER, FORANEO"
E1614,"JEFE H DE TALLER, EN EL DISTRITO FEDERAL"
E1615,"JEFE H DE TALLER, FORANEO"
E1704,MAESTRO 'C' DE TALLER EN EL DISTRITO FEDERAL.
E1707,"MAESTRO D DE TALLER, FORANEO"
E1708,"MAESTRO 'E' DE TALLER, EN EL DISTRITO FEDERAL."
E1709,"MAESTRO E DE TALLER, FORANEO"
E1710,"MAESTRO 'F' DE TALLER, EN EL DISTRITO FEDERAL."
E1711,"MAESTRO F DE TALLER, FORANEO"
E1713,"MAESTRO G DE TALLER, FORANEO"
E1714,"MAESTRO 'H' DE TALLER, EN EL DISTRITO FEDERAL."
E1715,"MAESTRO H DE TALLER, FORANEO"
E1800,"AYUDANTE A DE TALLER DE PRIMARIA, EN EL DISTRITO FEDERAL"
E1802,"AYUDANTE B DE TALLER DE PRIMARIA, EN EL DISTRITO FEDERAL"
E1804,"AYUDANTE C DE TALLER DE PRIMARIA, EN EL DISTRITO FEDERAL"
E1811,"AYUDANTE A DE TALLER DE PRIMARIA, FORANEO"
E1813,"AYUDANTE B DE TALLER DE PRIMARIA, FORANEO"
E1815,"AYUDANTE C DE TALLER DE PRIMARIA, FORANEO"
E1817,AYUDANTE 'D' DE TALLER DE INTERNADO DE PRIMARIA FORANEO.
E1819,"AYUDANTE !E! DE TALLER DE INTERNADO DE PRIMARIA, FORANEO."
E1901,AYUDANTE 'A' DE TALLER DE CENTRO DE ENSEÑANZA AGROPECUARIA F
E1903,AYUDANTE 'B' DE TALLER DE CENTRO DE ENSEÑANZA AGROPECUARIA F
E1905,AYUDANTE 'C' DE TALLER DE CENTRO DE ENSEÑANZA AGROPECUARIA F
E2001,"AYUDANTE 'A' DE TALLER DE INDUSTRIAS DE EDUCACION INDIGENA,"
E2003,"AYUDANTE 'B' DE TALLER DE INDUSTRIAS DE EDUCACION INDIGENA,"
E2005,"AYUDANTE 'C' DE TALLER DE INDUSTRIAS DE EDUCACION INDIGENA,"
E2007,"AYUDANTE 'D' DE TALLER DE INDUSTRIAS DE EDUCACION INDIGENA,"
E2101,"AYUDANTE A DE TALLER PARA ALFABETIZACION, FORANEO"
E2102,"AYUDANTE B DE TALLER PARA ALFABETIZACION, EN EL DISTRITO FED"
E2200,"AYUDANTE 'A' DE TALLER, EN EL DISTRITO FEDERAL."
E2202,"AYUDANTE 'B' DE TALLER, EN EL DISTRITO FEDERAL."
E2204,"AYUDANTE 'C' DE TALLER, EN EL DISTRITO FEDERAL."
E2206,"AYUDANTE 'D' DE TALLER, EN EL DISTRITO FEDERAL."
E2208,"AYUDANTE 'E' DE TALLER, EN EL DISTRITO FEDERAL."
E2210,"AYUDANTE F DE TALLER,EN EL DISTRITO FEDERAL."
E2221,"AYUDANTE A DE TALLER, FORANEO"
E2223,"AYUDANTE B DE TALLER, FORANEO"
E2225,"AYUDANTE C DE TALLER, FORANEO"
E2227,"AYUDANTE D DE TALLER, FORANEO"
E2229,"AYUDANTE E DE TALLER, FORANEO"
E2231,"AYUDANTE F DE TALLER, FORANEO"
E2233,"AYUDANTE G DE TALLER, FORANEO"
E2330,PREFECTO A EN EL DISTRITO FEDERAL
E2331,PREFECTO A FORANEO
E2332,PREFECTO B EN EL DISTRITO FEDERAL
E2333,PREFECTO B FORANEO
E2334,PREFECTO C EN EL DISTRITO FEDERAL
E2335,PREFECTO C FORANEO
E2400,"HORAS DE AYUDANTE A, EN EL DISTRITO FEDERAL."
E2401,"HORAS DE AYUDANTE A, FOR.EO."
E2402,"AYUDANTE B, EN EL DISTRITO FEDERAL"
E2403,"AYUDANTE B, FOR.EO"
E2404,"AYUDANTE C, EN EL DISTRITO FEDERAL"
E2405,"AYUDANTE C, FOR.EO"
E2406,"AYUDANTE D, EN EL DISTRITO FEDERAL"
E2407,"AYUDANTE D, FOR.EO"
E2408,"AYUDANTE E, EN EL DISTRITO FEDERAL"
E2409,"AYUDANTE E, FOR.EO"
E2500,PROMOTOR A DE EDUCACION AUDIOVISUAL EN EL DISTRITO FEDERAL.
E2501,"PROMOTOR A DE EDUCACION AUDIOVISUAL, FOR.EO."
E2502,"PROMOTOR B DE EDUCACION AUDIOVISUAL, EN EL DISTRITO FEDERAL."
E2503,"PROMOTOR B DE EDUCACION AUDIOVISUAL, FOR.EO."
E2504,"PROMOTOR C DE EDUCACION AUDIOVISUAL, EN EL DISTRITO FEDERAL."
E2505,"PROMOTOR C DE EDUCACION AUDIOVISUAL, FOR.EO."
E2512,"ORIENTADOR PROFESIONAL DE EDUCACION AUDIOVISUAL, EN EL DISTR"
E2513,"ORIENTADOR PROFESIONAL DE EDUCACION AUDIOVISUAL, FOR.EO."
E2605,APOYO TECNICNO PEDAGOGICO
E2683,TRABAJO SOCIAL
E2708,JEFE DE SECTOR DE TELESECUNDARIA EN EL DISTRITO FEDERAL
E2709,"JEFE DE SECTOR DE TELESECUNDARIA, FOR.EO"
E2710,"INSPECTOR DE ZONA DE TELESECUNDARIA, EN EL DISTRITO FEDERAL"
E2711,INSPECTOR DE ZONA DE TELESECUNDARIA FOR.EO
E2724,"DIRECTOR, MAESTRO DE TELESECUNDARIA, EN EL DISTRITO FEDERAL."
E2725,"DIRECTOR, MAESTRO DE TELESECUNDARIA, FOR.EO."
E2780,"HORAS DE MAESTRO DE TELESECUNDARIA, EN EL DISTRITO FEDERAL."
E2781,"HORAS DE MAESTRO DE TELESECUNDARIA, FOR.EO"
E2782,PROFESOR
E2792,HORAS DE TELESECUNDARIA PARA FORTALECIMIENTO CURRICULAR
E4511,"TECNICO DOCENTE ASIGNATURA A (E.M.S.) DE E.T.I., FOR.EO"
E4513,"TECNICO DOCENTE ASIGNATURA B (E.M.S.) DE E.T.I., FOR.EO"
E4515,"PROFESOR DE ASIGNATURA A (E.M.S.) DE E.T.I., FOR.EO"
E4517,PROFESOR DE ASIGNATURA B (E.M.S.) DE E.T.I. FOR.EO
E4619,"PROFESOR ASISTENTE A (E.M.S.) DE E.T.I. 1/2 TIEMPO, FOR.EO"
E4621,"PROFESOR ASISTENTE B (E.M.S.) DE E.T.I. 1/2 TIEMPO, FOR.EO"
E4623,"PROFESOR ASOCIADO A (E.M.S.) DE E.T.I. 1/2 TIEMPO, FOR.EO"
E4625,"PROFESOR ASOCIADO B (E.M.S.) DE E.T.I. 1/2 TIEMPO, FOR.EO"
E4627,"PROFESOR TITULAR A (E.M.S.) DE E.T.I. 1/2 TIEMPO, FOR.EO"
E4629,"PROFESOR TITULAR B (E.M.S.) DE E.T.I. 1/2 TIEMPO, FOR.EO"
E4653,"TECNICO DOCENTE ASOCIADO A (E.M.S.) DE E.T.I. 1/2 TIEMPO, FO"
E4655,"TECNICO DOCENTE ASOCIADO B (E.M.S.) DE E.T.I. 1/2 TIEMPO,FOR"
E4657,"TECNICO DOCENTE ASOCIADO C (E.M.S.) DE E.T.I. 1/2 TIEMPO, FO"
E4661,PROFESOR ASOCIADO C (E.M.S.) DE E.T.I. 1/2 TIEMPO FOR.EO
E4663,PROFESOR TITULAR C (E.M.S.) DE E.T.I. 1/2 TIEMPO FOR.EO
E4719,"PROFESOR ASISTENTE A (E.M.S.) DE E.T.I. 3/4 DE TIEMPO, FOR."
E4721,PROFESOR ASISTENTE B (E.M.S) DE E.T.I. 3/4 DE TIEMPO FOR.EO
E4723,PROFESOR ASOCIADO A (E.M.S.) DE E.T.I. 3/4 DE TIEMPO FOR.EO
E4725,PROFESOR ASOCIADO B (E.M.S) DE E.T.I. 3/4 DE TIEMPO FOR.EO
E4727,PROFESOR TITULAR A (E.M.S.) DE E.T.I. 3/4 DE TIEMPO FOR.EO
E4729,PROFESOR TITULAR B (E.M.S.) DE E.T.I. 3/4 DE TIEMPO FOR.EO
E4753,"TECNICO DOCENTE ASOCIADO A (E.M.S.) DE E.T.I., 3/4 DE TIEMPO"
E4755,"TECNICO DOCENTE ASOCIADO B (E.M.S.) DE E.T.I. 3/4 DE TIEMPO,"
E4757,"TECNICO DOCENTE ASOCIADO C (E.M.S.) DE E.T.I. 3/4 DE TIEMPO,"
E4761,PROFESOR ASOCIADO C (E.M.S.) DE E.T.I. 3/4 DE TIEMPO FOR.EO
E4763,PROFESOR TITULAR C (E.M.S.) DE E.T.I. 3/4 DE TIEMPO FOR.EO
E4819,"PROFESOR ASISTENTE A (E.M.S.) DE E.T.I. TIEMPO COMPLETO, FOR"
E4821,PROFESOR ASISTENTE B (E.M.S.) DE E.T.I. TIEMPO COMPLETO FORA
E4823,"PROFESOR ASOCIADO A (E.M.S.) DE E.T.I. TIEMPO COMPLETO, FORA"
E4825,"PROFESOR ASOCIADO B (E.M.S.) DE E.T.I. TIEMPO COMPLETO, FORA"
E4827,"PROFESOR TITULAR A (E.M.S.) DE E.T.I. TIEMPO COMPLETO, FOR."
E4829,"PROFESOR TITULAR B (E.M.S.) DE E.T.I. TIEMPO COMPLETO, FOR."
E4853,TECNICO DOCENTE ASOCIADO A (E.M.S.) DE E.T.I. TIEMPO COMPLET
E4855,TECNICO DOCENTE ASOCIADO B (E.M.S.) DE E.T.I. TIEMPO COMPLET
E4857,TECNICO DOCENTE ASOCIADO C (E.M.S.) DE E.T.I. TIEMPO COMPLET
E4861,PROFESOR ASOCIADO C (E.M.S.) DE E.T.I. TIEMPO COMPLETO FOR.
E4863,PROFESOR TITULAR C (E.M.S.) DE E.T.I. TIEMPO COMPLETO FOR.E
E7001,"PROFESOR INVESTIGADOR DE ENSEÑANZA SUPERIOR, ASISTENTE 'A',"
E7003,"PROFESOR INVESTIGADOR DE ENSEÑANZA SUPERIOR, ASISTENTE 'B',"
E7005,"PROFESOR INVESTIGADOR DE ENSEÑANZA SUPERIOR, ASISTENTE 'C',"
E7007,"PROFESOR INVESTIGADOR DE ENSEÑANZA SUPERIOR, ASOCIADO !A!, 1"
E7009,"PROFESOR INVESTIGADOR DE ENSEÑANZA SUPERIOR, ASOCIADO !B!, 1"
E7011,"PROFESOR INVESTIGADOR DE ENSEÑANZA SUPERIOR, ASOCIADO !C!, 1"
E7013,"PROFESOR INVESTIGADOR DE ENSEÑANZA SUPERIOR, TITULAR 'A', 1/"
E7015,"PROFESOR INVESTIGADOR DE ENSEÑANZA SUPERIOR, TITULAR 'B', 1/"
E7017,"PROFESOR INVESTIGADOR DE ENSEÑANZA SUPERIOR, TITULAR 'C', 1/"
E7019,"PROFESOR DE ENSEÑANZA SUPERIOR ASISTENTE 'A', 1/2 TIEMPO, FO"
E7021,"PROFESOR DE ENSEÑANZA SUPERIOR ASISTENTE 'B', 1/2 TIEMPO FOR"
E7023,"PROFESOR DE ENSEÑANZA SUPERIOR ASOCIADO 'A', 1/2 TIEMPO FORA"
E7025,"PROFESOR DE ENSEÑANZA SUPERIOR ASOCIADO 'B', 1/2 TIEMPO - FO"
E7027,"PROFESOR DE ENSEÑANZA SUPERIOR TITULAR !A!, 1/2 TIEMPO, FORA"
E7029,"PROFESOR DE ENSEÑANZA SUPERIOR TITULAR 'B', 1/2 TIEMPO FOR."
E7031,"PROFESOR DE ENSEÑANZA SUPERIOR ASISTENTE 'C' 1/2 TIEMPO, FOR"
E7033,"PROFESOR DE ENSEÑANZA SUPERIOR ASOCIADO !C! 1/2 TIEMPO, FORA"
E7035,"PROFESOR DE ENSEÑANZA SUPERIOR TITULAR 'C' 1/2 TIEMPO, FOR."
E7043,"TECNICO DOCENTE EN NORMAL SUPERIOR O BASICA, ASOCIADO !A!, 1"
E7045,"TECNICO DOCENTE EN NORMAL SUPERIOR O BASICA, ASOCIADO 'B', 1"
E7047,"TECNICO DOCENTE EN NORMAL SUPERIOR O BASICA, ASOCIADO 'C', 1"
E7049,"TECNICO DOCENTE EN NORMAL SUPERIOR O BASICA, TITULAR 'A', 1/"
E7051,"TECNICO DOCENTE EN NORMAL SUPERIOR O BASICA, TITULAR 'B', 1/"
E7101,"PROFESOR INVESTIGADOR DE ENSEÑANZA SUPERIOR, ASISTENTE 'A',"
E7103,"PROFESOR INVESTIGADOR DE ENSEÑANZA SUPERIOR, ASISTENTE 'B',"
E7105,"PROFESOR INVESTIGADOR DE ENSEÑANZA SUPERIOR, ASISTENTE 'C',"
E7107,"PROFESOR INVESTIGADOR DE ENSEÑANZA SUPERIOR, ASOCIADO !A!, 3"
E7109,"PROFESOR INVESTIGADOR DE ENSEÑANZA SUPERIOR, ASOCIADO !B!, 3"
E7111,"PROFESOR INVESTIGADOR DE ENSEÑANZA SUPERIOR, ASOCIADO !C!, 3"
E7113,"PROFESOR INVESTIGADOR DE ENSEÑANZA SUPERIOR, TITULAR 'A', 3/"
E7115,"PROFESOR INVESTIGADOR DE ENSEÑANZA SUPERIOR, TITULAR 'B', 3/"
E7117,"PROFESOR INVESTIGADOR DE ENSEÑANZA SUPERIOR, TITULAR 'C', 3/"
E7119,"PROFESOR DE ENSEÑANZA SUPERIOR ASISTENTE 'A', 3/4 DE TIEMPO,"
E7121,"PROFESOR DE ENSEÑANZA SUPERIOR ASISTENTE 'B', 3/4 DE TIEMPO"
E7123,"PROFESOR DE ENSEÑANZA SUPERIOR ASOCIADO 'A', 3/4 DE TIEMPO F"
E7125,"PROFESOR DE ENSEÑANZA SUPERIOR ASOCIADO 'B', 3/4 DE TIEMPO -"
E7127,"PROFESOR DE ENSEÑANZA SUPERIOR TITULAR 'A', 3/4 DE TIEMPO, F"
E7129,"PROFESOR DE ENSEÑANZA SUPERIOR TITULAR 'B', 3/4 DE TIEMPO FO"
E7131,"PROFESOR DE ENSEÑANZA SUPERIOR ASISTENTE 'C' 3/4 TIEMPO, FOR"
E7133,"PROFESOR DE ENSEÑANZA SUPERIOR ASOCIADO !C! 3/4 TIEMPO, FORA"
E7135,"PROFESOR DE ENSEÑANZA SUPERIOR TITULAR 'C' 3/4 TIEMPO, FOR."
E7143,"TECNICO DOCENTE EN NORMAL SUPERIOR O BASICA, ASOCIADO 'A', 3"
E7145,"TECNICO DOCENTE EN NORMAL SUPERIOR O BASICA, ASOCIADO 'B', 3"
E7147,"TECNICO DOCENTE EN NORMAL SUPERIOR O BASICA, ASOCIADO !C!, 3"
E7149,"TECNICO DOCENTE EN NORMAL SUPERIOR O BASICA, TITULAR 'A', 3/"
E7151,"TECNICO DOCENTE EN NORMAL SUPERIOR O BASICA, TITULAR !B!, 3/"
E7201,"PROFESOR INVESTIGADOR DE ENSEÑANZA SUPERIOR, ASISTENTE 'A',"
E7203,"PROFESOR INVESTIGADOR DE ENSEÑANZA SUPERIOR, ASISTENTE 'B',"
E7205,"PROFESOR INVESTIGADOR DE ENSEÑANZA SUPERIOR, ASISTENTE 'C',"
E7207,"PROFESOR INVESTIGADOR DE ENSEÑANZA SUPERIOR, ASOCIADO !A!, T"
E7209,"PROFESOR INVESTIGADOR DE ENSEÑANZA SUPERIOR, ASOCIADO !B!, T"
E7211,"PROFESOR INVESTIGADOR DE ENSEÑANZA SUPERIOR, ASOCIADO !C!, T"
E7213,"PROFESOR INVESTIGADOR DE ENSEÑANZA SUPERIOR, TITULAR 'A', TI"
E7215,"PROFESOR INVESTIGADOR DE ENSEÑANZA SUPERIOR, TITULAR 'B', TI"
E7217,"PROFESOR INVESTIGADOR DE ENSEÑANZA SUPERIOR, TITULAR 'C', TI"
E7219,"PROFESOR DE ENSEÑANZA SUPERIOR ASISTENTE 'A', TIEMPO COMPLET"
E7221,"PROFESOR DE ENSEÑANZA SUPERIOR ASISTENTE 'B', TIEMPO COMPLET"
E7223,"PROFESOR DE ENSEÑANZA SUPERIOR ASOCIADO 'A', TIEMPO COMPLETO"
E7225,"PROFESOR DE ENSEÑANZA SUPERIOR ASOCIADO 'B', TIEMPO COMPLETO"
E7227,"PROFESOR DE ENSEÑANZA SUPERIOR TITULAR 'A', TIEMPO COMPLETO,"
E7229,"PROFESOR DE ENSEÑANZA SUPERIOR TITULAR 'B', TIEMPO COMPLETO"
E7231,"PROFESOR DE ENSEÑANZA SUPERIOR ASISTENTE 'C', TIEMPO COMPLET"
E7233,"PROFESOR DE ENSEÑANZA SUPERIOR ASOCIADO !C! TIEMPO COMPLETO,"
E7235,PROFESOR DE ENSEÑANZA SUPERIOR TITULAR 'C' TIEMPO COMPLETO F
E7243,"TECNICO DOCENTE EN NORMAL SUPERIOR O BASICA, ASOCIADO 'A', T"
E7245,"TECNICO DOCENTE EN NORMAL SUPERIOR O BASICA, ASOCIADO 'B', T"
E7247,"TECNICO DOCENTE EN NORMAL SUPERIOR O BASICA, ASOCIADO 'C', T"
E7249,"TECNICO DOCENTE EN NORMAL SUPERIOR O BASICA, TITULAR 'A', TI"
E7251,"TECNICO DOCENTE EN NORMAL SUPERIOR O BASICA, TITULAR 'B', TI"
E7303,"PROFESOR INVESTIGADOR DE ENSEÑANZA SUPERIOR, ASIGNATURA 'A'"
E7305,"PROFESOR INVESTIGADOR DE ENSEÑANZA SUPERIOR, ASIGNATURA !B!"
E7307,"PROFESOR DE ENSEÑANZA SUPERIOR, ASIGNATURA 'A' FOR.EO."
E7309,"PROFESOR DE ENSEÑANZA SUPERIOR, ASIGNATURA !B!, FOR.EO."
E7311,"TECNICO DOCENTE EN NORMAL SUPERIOR O BASICA, ASIGNATURA !A!,"
E7313,"TECNICO DOCENTE EN NORMAL SUPERIOR O BASICA ASIGNATURA !B!,"
E7315,"TECNICO DOCENTE EN NORMAL SUPERIOR O BASICA, ASIGNATURA !C!"
E7325,"PROFESOR INVESTIGADOR DE ENSEãANZA SUPERIROR, ASIG. C"
E7601,PROFESOR ASISTENTE A E.S. 1/2 TIEMPO
E7607,PROFESOR ASOCIADO !A! (E.S.) DE CAPACI- TACION Y MEJORAMIENT
E7609,PROFESOR ASOCIADO !B! (E.S.) DE CAPACI- TACION Y MEJORAMIENT
E7611,PROFESOR ASOCIADO !C! (E.S.) DE CAPACI- TACION Y MEJORAMIENT
E7613,PROFESOR TITULAR 'A' (E.S.) DE CAPACI- TACION Y MEJORAMIENTO
E7615,PROFESOR TITULAR 'B' (E.S.) DE CAPACI- TACION Y MEJORAMIENTO
E7617,PROFESOR TITULAR 'C' (E.S.) DE CAPACITA- CION Y MEJORAMIENTO
E7637,TECNICO DOCENTE ASOCIADO !A! (E.S.) DE CAPACITACION Y MEJORA
E7701,PROFESOR ASISTENTE A E.S. 3/4 TIEMPO
E7707,PROFESOR ASOCIADO !A! (E.S.) DE CAPACI- TACION Y MEJORAMIENT
E7709,PROFESOR ASOCIADO !B! (E.S.) DE CAPACI- TACION Y MEJORAMIENT
E7711,PROFESOR ASOCIADO 'C' (E.S.) DE CAPACI- TACION Y MEJORAMIENT
E7713,PROFESOR TITULAR 'A' (E.S.) DE CAPACI- TACION Y MEJORAMIENTO
E7715,PROFESOR TITULAR 'B' (E.S.) DE CAPACI- TACION Y MEJORAMIENTO
E7717,PROFESOR TITULAR 'C' (E.S.) DE CAPACI- TACION Y MEJORAMIENTO
E7801,PROFESOR ASISTENTE A E.S. TIEMPO COMPLETO
E7807,PROFESOR ASOCIADO 'A' (E.S.) DE CAPACI- TACION Y MEJORAMIENT
E7809,PROFESOR ASOCIADO 'B' (E.S.) DE CAPACI- TACION Y MEJORAMIENT
E7811,PROFESOR ASOCIADO !C! (E.S.) DE CAPACI- TACION Y MEJORAMIENT
E7813,PROFESOR TITULAR 'A' (E.S.) DE CAPACI- TACION Y MEJORAMIENTO
E7815,PROFESOR TITULAR 'B' (E.S.) DE CAPACI- TACION Y MEJORAMIENTO
E7817,PROFESOR TITULAR 'C' (E.S.) DE CAPACI- TACION Y MEJORAMIENTO
E7903,PROFESOR ASIGNATURA 'A' (E.S.) DE CAPA- CITACION Y MEJORAMIE
E7905,PROFESOR ASIGNATURA 'B' (E.S.) DE CAPA- CITACION Y MEJORAMIE
E7907,TECNICO DOCENTE ASIGNATURA 'A' (ES) DE CAPACITACION Y MEJOR
E7925,"PROFESOR INVESTIGADOR DE ENSEãANZA SUPERIROR, ASIG. C"
E8621,PROFESOR CB II
E8623,PROFESOR CB III
E8625,PROFESOR CB IV
E9001,PROFESOR ASISTENTE 'A' (E.S.) 1/2 TIEMPO
E9003,PROFESOR ASISTENTE 'B' (E.S.) 1/2 TIEMPO
E9005,PROFESOR ASISTENTE 'C' (E.S.) 1/2 TIEMPO
E9007,PROFESOR ASOCIADO !A! (E.S.) 1/2 TIEMPO
E9009,PROFESOR ASOCIADO !B! (E.S.) 1/2 TIEMPO
E9011,PROFESOR ASOCIADO !C! (E.S.) 1/2 TIEMPO
E9013,PROFESOR TITULAR 'A' (E.S.) 1/2 TIEMPO
E9015,PROFESOR TITULAR 'B' (E.S.) 1/2 TIEMPO
E9017,PROFESOR TITULAR 'C' (E.S.) 1/2 TIEMPO
E9043,PROFESOR TECNICO ASOCIADO 'A' (E.S.) 1/2 TIEMPO
E9045,PROFESOR TECNICO ASOCIADO 'B' (E.S.) 1/2 TIEMPO
E9047,PROFESOR TECNICO ASOCIADO 'C' (E.S.) 1/2 TIEMPO
E9049,PROFESOR TECNICO TITULAR 'A' (E.S) 1/2 TIEMPO
E9051,PROFESOR TECNICO TITULAR 'B' (E.S.) 1/2 TIEMPO
E9101,PROFESOR ASISTENTE 'A' (E.S.) 3/4 TIEMPO
E9103,PROFESOR ASISTENTE 'B' (E.S) 3/4 TIEMPO
E9105,PROFESOR ASISTENTE 'C' (E.S) 3/4 TIEMPO
E9107,PROFESOR ASOCIADO 'A' (E.S) 3/4 TIEMPO
E9109,PROFESOR ASOCIADO 'B' (E.S) 3/4 TIEMPO
E9111,PROFESOR ASOCIADO 'C' (E.S) 3/4 TIEMPO
E9113,PROFESOR TITULAR 'A' (E.S) 3/4 TIEMPO
E9115,PROFESOR TITULAR 'B' (E.S) 3/4 TIEMPO
E9117,PROFESOR TITULAR 'C' (E.S) 3/4 TIEMPO
E9143,PROFESOR TECNICO ASOCIADO 'A' (E.S.) 3/4 TIEMPO
E9145,PROFESOR TECNICO ASOCIADO 'B' (E.S.) 3/4 TIEMPO
E9147,PROFESOR TECNICO ASOCIADO 'C' (E.S.) 3/4 TIEMPO
E9149,PROFESOR TECNICO TITULAR 'A' (E.S.) 3/4 TIEMPO
E9151,PROFESOR TECNICO TITULAR 'B' (E.S.) 3/4 TIEMPO
E9201,TROFESOR ASISTENTE 'A' (E.S.) TIEMPO COMPLETO
E9203,PROFESOR ASISTENTE 'B' (E.S.) TIEMPO COMPLETO
E9205,PROFESOR ASISTENTE 'C' (E.S.) TIEMPO COMPLETO
E9207,PROFESOR ASOCIADO !A! (E.S.) TIEMPO COMPLETO
E9209,PROFESOR ASOCIADO !B! (E.S.) TIEMPO COMPLETO
E9211,PROFESOR ASOCIADO !C! (E.S.) TIEMPO COMPLETO
E9213,PROFESOR TITULAR 'A' (E.S.) TIEMPO COMPLETO
E9215,PROFESOR TITULAR 'B' (E.S.) TIEMPO COMPLETO
E9217,PROFESOR TITULAR 'C' (E.S.)TIEMPO COMPLETO
E9243,PROFESOR TECNICO ASOCIADO 'A' (E.S.) TIEMPO COMPLETO
E9245,PROFESOR TECNICO ASOCIADO 'B' (E.S.) TIEMPO COMPLETO
E9247,PROFESOR TECNICO ASOCIADO 'C' (E.S.) TIEMPO COMPLETO
E9249,PROFESOR TECNICO TITULAR 'A' (E.S.) TIEMPO COMPLETO
E9251,PROFESOR TECNICO TITULAR 'B' (E.S.) TIEMPO COMPLETO
E9303,PROFESOR ASIGNATURA 'A' (E.S.)
E9305,PROFESOR ASIGNATURA 'B' (E.S.)
E9311,TECNICO DOCENTE ASIGNATURA 'A' (E.S.)
E9313,TECNICO DOCENTE ASIGNATURA 'B' (E.S.)
E9325,"PROFESOR INVESTIGADOR DE ENSEãANZA SUPERIROR, ASIG. C"
ED01804,ESPECIALISTA EN SISTEMAS DE CAPACITACION
ED02805,COORDINADOR DE ESCRITORES DE LIBROS DE TEXTO PARA EDUCACION
ED02807,ESCRITOR DE LIBROS DE TEXTO PARA EDUCACION BASICA
ED02809,PEDAGOGO ESPECIALIZADO
ED02810,TUTOR ESCOLAR (PARA USO EXCLUSIVO DE PLANTELES)
IA08029,SECRETARIA DE JEFE DE DEPARTAMENTO
IS08012,OFICIAL DE SERVICIOS
IT05003,BIBLIOTECARIO
JA01004,JEFE DE MESA
JA01009,JEFE DE PROYECTO
JA01024,PREFECTO
JA01026,AUXILIAR ADMINISTRATIVO
JA01028,CHOFER DE DIRECTOR GENERAL
JA04003,ANALISTA DE SISTEMAS ADMINISTRATIVOS
JA08004,TAQUIMECANOGRAFA
JA08005,MECANOGRAFA
JA08016,SECRETARIA DE DIRECTOR DE PLANTEL
JA08025,SECRETARIA DE SUBDIRECTOR DE AREA
JA08026,SECRETARIA DE DIRECTOR DE AREA
JA08027,SECRETARIA DE DIRECTOR GENERAL
JA08029,SECRETARIA DE JEFE DE DEPARTAMENTO
JP01002,ANALISTA ESPECIALIZADO
JP07539,ANALISTA TECNICO ESPECIALIZADO
JS06006,AUXILIAR DE INTENDENCIA
JS07002,OFICIAL DE SERVICIOS ESPECIALIZADOS
JS08012,OFICIAL DE SERVICIOS
JT03002,ANALISTA TECNICO
JT03004,AUXILIAR DE ANALISTA TECNICO
JT05003,BIBLIOTECARIO
JT05010,AUXILIAR DE BIBLIOTECA
JT07503,TECNICO BIBLIOTECARIO
MA01001,JEFE DE OFICINA
MA01002,SUBJEFE DE OFICINA
MA01004,JEFE DE MESA
MA01015,GESTOR
MA01026,AUXILIAR ADMINISTRATIVO
MA04003,ANALISTA DE SISTEMAS ADMINISTRATIVOS
MA08001,ESTENOGRAFO
MA08004,TAQUIMECANOGRAFA
MA08016,SECRETARIA DE DIRECTOR DE PLANTEL
MT03002,ANALISTA TECNICO
MT03004,AUXILIAR DE ANALISTA TECNICO
MT05003,BIBLIOTECARIO
P01002,ANALISTA ESPECIALIZADO
P01801,ABOGADO
P02802,MEDICO
P03802,DENTISTA CIRUJANO
P04802,PSICOMETRA
P04803,PSICOLOGO
P05007,SUBCONTADOR
P05010,AUXILIAR DE CONTABILIDAD
S01803,OFICIAL DE SERVICIOS Y MANTENIMIENTO
S01804,JEFE DE SERVICIOS Y MANTENIMIENTO
S01807,ASISTENTE DE SERVICIOS EN PLANTEL
S01808,ASISTENTE DE SERVICIOS Y MANTENIMIENTO
S01812,AUXILIAR DE SERVICIOS Y MANTENIMIENTO EN PLANTEL
S02803,MESERO
S02804,COCINERA
S02805,ECONOMO (PARA USO EXCLUSIVO DE PLANTELES)
S02810,ASISTENTE DE COCINA
S03802,CHOFER
S05805,TECNICO MEDIO EN IMPRENTA
S05806,TECNICO EN IMPRENTA
S06002,INTENDENTE
S08802,OFICIAL DE MANTENIMIENTO MECANICO
S09801,ELECTRICISTA
S10802,TECNICO EN MANTENIMIENTO DE EQUIPO DE COMUNICACIONES
S14012,GUARDIAN
T03803,TECNICO MEDIO
T03804,ESPECIALISTA TECNICO
T04801,ILUMINADOR TEATRAL
T04802,BAILARIN
T04803,MUSICO
T05006,TECNICO BIBLIOTECARIO
T05011,TECNICO BIBLIOTECARIO ESPECIALIZADO
T05808,TECNICO BIBLIOTECARIO
T05809,ASISTENTE BIBLIOTECARIO
T06803,COORDINADOR DE TECNICOS EN COMPUTACION
T06806,OPERADOR DE EQUIPO
T08803,DIBUJANTE
T09802,ENFERMERA
T09803,ENFERMERA ESPECIALIZADA
T13801,AUXILIAR DE FOTOGRAFO
T13803,FOTOGRAFO
T13807,LABORATORISTA DE FOTOGRAFIA
T14805,PUERICULTOR (PARA USO EXCLUSIVO DE PLANTELES)
T14807,NINERA ESPECIALIZADA
T16803,LABORATORISTA
T16807,ASISTENTE DE LABORATORIO
T17804,OPERADOR DE EQUIPO ESPECIALIZADO
T18802,MARINERO
T18804,ASISTENTE ESPECIALIZADO DE SERVICIO NAVAL
T18817,ESPECIALISTA DE SERVICIO NAVAL
T22818,JEFE DE OFICINA TECNICA EN RADIO Y T.V.
T22827,ASISTENTE TECNICO EN RADIO Y T.V.
T22828,OFICIAL TECNICO EN RADIO Y TELEVISION
T25802,TERAPISTA (PARA USO EXCLUSIVO DE PLANTELES)
T26803,TRABAJADORA SOCIAL
T26805,AYUDANTE DE TRABAJO SOCIAL
UA01026,AUXILIAR ADMINISTRATIVO
UA01035,CAJERO
UA01074,ENCARGADO DE TRAMITES ESCOLARES
UA04003,ANALISTA DE SISTEMAS ADMTIVOS.
UA04012,AUX. DE ANALISTA ADMINISTRATIVO
UA08015,SECRETARIA EJECUTIVA
UA08016,SECRETARIA
UA08017,TAQUIMECANOGRAFA ESPECIALIZADA
UP01003,AUX. DE ANALISTA ESPECIALIZADO
US05001,JEFE DE TALLER DE IMPRENTA
US05003,MAESTRO TECNICO PRENSISTA ROTATIVO
US06002,INTENDENTE
US06006,AUXILIAR DE INTENDENCIA
US07001,JEFE DE MANTENIMIENTO GENERAL
US08011,TECNICO EN MANTENIMIENTO
US08033,AUXILIAR DE MANTENIMIENTO MECANICO
US09004,MECANICO ELECTRICISTA
US09012,OFICIAL DE MANTENIMIENTO ELECTRICO
US10010,TECNICO EN TELEFONOS
US12030,J A R D I N E R O
UT05014,ASISTENTE DE COORD. BIBLIOTECARIO
UT06012,ANALISTA PROGRAMADOR
UT06016,DOCUMENTALISTA
UT06037,ANALISTA DE SISTS. ESPS. EN COMPUTO
